{"cameraMode":{"drawMode":0,"name":"Shaded","section":"Shading Mode"},"sceneLighting":true,"audioPlay":false,"sceneViewState":{"m_AlwaysRefresh":false,"showFog":true,"showSkybox":true,"showFlares":true,"showImageEffects":true,"showParticleSystems":true,"showVisualEffectGraphs":true,"m_FxEnabled":false},"in2DMode":false,"pivot":{"x":-1.1216726303100587,"y":2.0542259216308595,"z":-2.773463726043701},"rotation":{"x":0.06445347517728806,"y":-0.007484721951186657,"z":0.0004832578415516764,"w":0.9978968501091003},"size":142.1910858154297,"orthographic":false}