{"cameraMode":{"drawMode":0,"name":"Shaded","section":"Shading Mode"},"sceneLighting":true,"audioPlay":false,"sceneViewState":{"m_AlwaysRefresh":false,"showFog":true,"showSkybox":true,"showFlares":true,"showImageEffects":true,"showParticleSystems":true,"showVisualEffectGraphs":true,"m_FxEnabled":false},"in2DMode":false,"pivot":{"x":2.6549253463745119,"y":-0.1171884536743164,"z":-0.44060850143432619},"rotation":{"x":0.3842404782772064,"y":0.44480597972869875,"z":-0.21949145197868348,"w":0.7786738872528076},"size":7.275667667388916,"orthographic":false}