{"cameraMode":{"drawMode":0,"name":"Shaded","section":"Shading Mode"},"sceneLighting":false,"audioPlay":false,"sceneViewState":{"m_AlwaysRefresh":false,"showFog":true,"showSkybox":false,"showFlares":true,"showImageEffects":true,"showParticleSystems":true,"showVisualEffectGraphs":true,"m_FxEnabled":false},"in2DMode":false,"pivot":{"x":-3.9415762424468996,"y":3.284677267074585,"z":-15.4957857131958},"rotation":{"x":0.0014994563534855843,"y":0.02549716830253601,"z":-0.000038222835428314283,"w":0.9996731877326965},"size":11.8115873336792,"orthographic":false}